Depth;A0;B0;Date0;A1;B1;Date1;A2;B2;Date2;A3;B3;Date3;A4;B4;Date4;A5;B5;Date5;A6;B6;Date6;A7;B7;Date7;A8;B8;Date8;A9;B9;Date9;A10;B10;Date10;A11;B11;Date11;A12;B12;Date12;A13;B13;Date13;A14;B14;Date14;A15;B15;Date15;A16;B16;Date16;A17;B17;Date17;A18;B18;Date18;A19;B19;Date19;A20;B20;Date20;A21;B21;Date21;A22;B22;Date22;A23;B23;Date23
0;0;0;01/02/2024;9,15;3,24;15/02/2024;-9,32;57,59;01/03/2024;29,48;46,48;15/03/2024;27,64;46,04;01/04/2024;38,94;35,37;15/04/2024;48,02;33,55;01/05/2024;61,14;37,84;15/05/2024;57,94;43,44;01/06/2024;48,68;43,05;15/06/2024;-5,08;-38,82;01/07/2024;50,28;39,82;15/07/2024;51,95;41,45;01/08/2024;52,22;51,82;15/08/2024;34,41;37,43;01/09/2024;56,4;40,1;07/09/2024;62,34;43,32;21/09/2024;61,41;43,24;10/05/2024;69,96;43,97;19/10/2024;71,12;46,07;01/11/2024;74,89;47,76;16/11/2024;72,6;47,05;01/12/2024;81,00;48,52;15/12/2024;74,70;44,49;27/12/2024
0,5;0;0;01/02/2024;8,6;2,51;15/02/2024;-3,57;40,56;01/03/2024;24,22;33,62;15/03/2024;22,8;33,09;01/04/2024;29,42;23,88;15/04/2024;30,67;29,41;01/05/2024;39,33;40,79;15/05/2024;36,72;45,52;01/06/2024;37,63;30,76;15/06/2024;3,61;-25,17;01/07/2024;39,24;27,51;15/07/2024;40,97;28,77;01/08/2024;41,36;40,42;15/08/2024;21,89;24,61;01/09/2024;45;27,76;07/09/2024;50,71;30,86;21/09/2024;49,81;30,54;10/05/2024;58,24;31,14;19/10/2024;59,27;33,42;01/11/2024;63,52;34,52;16/11/2024;61,23;33,56;01/12/2024;69,67;35,09;15/12/2024;63,43;31,02;27/12/2024
1;0;0;01/02/2024;8,06;1,76;15/02/2024;2,17;23,52;01/03/2024;18,97;20,76;15/03/2024;17,98;20,13;01/04/2024;19,81;12,62;15/04/2024;22,04;14,24;01/05/2024;25,32;32,55;15/05/2024;25,65;33,12;01/06/2024;30,3;14,3;15/06/2024;9,65;-17,9;01/07/2024;31,92;10,84;15/07/2024;33,68;11,85;01/08/2024;34,11;32,68;15/08/2024;4,91;7,14;01/09/2024;37,24;10,26;07/09/2024;42,69;12,83;21/09/2024;41,7;12,4;10/05/2024;49,97;12,86;19/10/2024;50,95;15,02;01/11/2024;55,22;16,15;16/11/2024;52,96;15,07;01/12/2024;61,40;16,51;15/12/2024;55,15;12,42;27/12/2024
1,5;0;0;01/02/2024;8,3;1,83;15/02/2024;7,24;8,08;01/03/2024;14,53;9,14;15/03/2024;13,62;8,62;01/04/2024;12,66;3,03;15/04/2024;15,22;-0,34;01/05/2024;17,09;17,29;15/05/2024;17,96;17,17;01/06/2024;25,58;1,06;15/06/2024;14,65;-12,33;01/07/2024;27,13;-2,8;15/07/2024;28,89;-1,77;01/08/2024;29,37;27,82;15/08/2024;-8,75;-7,09;01/09/2024;32,4;-4,32;07/09/2024;37,59;-2,25;21/09/2024;36,56;-2,75;10/05/2024;44,65;-2,28;19/10/2024;45,54;-0,32;01/11/2024;50,05;0,98;16/11/2024;47,93;0,05;01/12/2024;56,42;1,62;15/12/2024;50,23;-2,55;27/12/2024
2;0;0;01/02/2024;8,89;1,94;15/02/2024;10,08;1,13;01/03/2024;12,73;4,58;15/03/2024;11,85;4,06;01/04/2024;10,81;-0,14;15/04/2024;13,94;-6,38;01/05/2024;10,13;4,39;15/05/2024;12,57;4,91;01/06/2024;26,51;-1,49;15/06/2024;18,75;-7,49;01/07/2024;27,93;-5,45;15/07/2024;29,63;-4,1;01/08/2024;30,07;28,64;15/08/2024;-11,16;-9,71;01/09/2024;33,43;-6,94;07/09/2024;38,52;-4,99;21/09/2024;37,48;-5,63;10/05/2024;45,49;-5,03;19/10/2024;46,41;-3,41;01/11/2024;50,87;-1,81;16/11/2024;48,72;-2,48;01/12/2024;57,21;-0,93;15/12/2024;51,01;-4,89;27/12/2024
2,5;0;0;01/02/2024;9,57;2,01;15/02/2024;11,53;-0,36;01/03/2024;12,37;4,39;15/03/2024;11,51;3,92;01/04/2024;11,44;0,66;15/04/2024;15,35;-5,58;01/05/2024;10,78;1,33;15/05/2024;13,85;3,4;01/06/2024;28,34;0,43;15/06/2024;22,06;-3,72;01/07/2024;29,61;-3,46;15/07/2024;31,19;-2,04;01/08/2024;31,54;30,39;15/08/2024;-8,97;-7,59;01/09/2024;35,28;-4,67;07/09/2024;40,35;-2,59;21/09/2024;39,29;-3,17;10/05/2024;47,26;-2,51;19/10/2024;48,17;-0,9;01/11/2024;52,61;0,67;16/11/2024;50,43;0,13;01/12/2024;58,90;1,65;15/12/2024;52,67;-2,19;27/12/2024
3;0;0;01/02/2024;10,19;1,98;15/02/2024;12,37;-0,55;01/03/2024;12,42;4,87;15/03/2024;11,57;4,33;01/04/2024;12,12;1,96;15/04/2024;16,56;-3,07;01/05/2024;12,19;3,26;15/05/2024;15,47;5,85;01/06/2024;27,75;3,09;15/06/2024;23,2;-0,59;01/07/2024;28,91;-0,5;15/07/2024;30,31;0,85;01/08/2024;30,49;29,53;15/08/2024;-6,14;-4,59;01/09/2024;34,42;-1,63;07/09/2024;39,46;0,67;21/09/2024;38,39;0,05;10/05/2024;46,29;0,88;19/10/2024;47,25;2,27;01/11/2024;51,55;3,87;16/11/2024;49,34;3,31;01/12/2024;57,77;4,72;15/12/2024;51,46;0,94;27/12/2024
3,5;0;0;01/02/2024;10,33;1,87;15/02/2024;11,98;-0,14;01/03/2024;11,8;5,28;15/03/2024;10,99;4,81;01/04/2024;11,33;2,84;15/04/2024;15,35;-1,72;01/05/2024;13,92;4,53;15/05/2024;16,28;7,17;01/06/2024;25,61;4,57;15/06/2024;21,91;-0,54;01/07/2024;26,76;0,96;15/07/2024;28,02;2,36;01/08/2024;28,05;27,1;15/08/2024;-4,69;-3,18;01/09/2024;31,88;-0,31;07/09/2024;36,9;1,66;21/09/2024;35,83;1,01;10/05/2024;43,68;1,82;19/10/2024;44,63;2,99;01/11/2024;48,89;4,67;16/11/2024;46,65;4,01;01/12/2024;55,04;5,46;15/12/2024;48,72;1,73;27/12/2024
4;0;0;01/02/2024;10,36;1,91;15/02/2024;11,69;0,18;01/03/2024;11,43;5,59;15/03/2024;10,68;5,09;01/04/2024;10,55;3,38;15/04/2024;13,99;-1,01;01/05/2024;13,04;4,68;15/05/2024;15;7,46;01/06/2024;24,04;5,62;15/06/2024;19,63;-0,94;01/07/2024;25,15;1,97;15/07/2024;26,27;3,47;01/08/2024;26,24;25,18;15/08/2024;-3,68;-2,33;01/09/2024;29,79;0,29;07/09/2024;34,74;1,84;21/09/2024;33,61;1;10/05/2024;41,36;1,57;19/10/2024;42,26;2,62;01/11/2024;46,53;4,27;16/11/2024;44,29;3,64;01/12/2024;52,66;5,01;15/12/2024;46,32;1,31;27/12/2024
4,5;0;0;01/02/2024;10,28;1,89;15/02/2024;11,56;0,43;01/03/2024;11,24;5,86;15/03/2024;10,54;5,54;01/04/2024;10,17;3,89;15/04/2024;13,22;-0,55;01/05/2024;11,96;3,96;15/05/2024;13,77;6,84;01/06/2024;23,18;6,7;15/06/2024;16,27;-1,21;01/07/2024;24,23;3,03;15/07/2024;25,35;4,59;01/08/2024;25,24;24,08;15/08/2024;-2,54;-1,33;01/09/2024;28,63;0,99;07/09/2024;33,53;2,24;21/09/2024;32,34;1,15;10/05/2024;40;1,43;19/10/2024;40,82;2,42;01/11/2024;45,1;4,03;16/11/2024;42,88;3,49;01/12/2024;51,25;4,75;15/12/2024;44,88;1,10;27/12/2024
5;0;0;01/02/2024;10,18;1,92;15/02/2024;11,49;0,71;01/03/2024;11,2;6,03;15/03/2024;10,52;5,93;01/04/2024;10,11;3,9;15/04/2024;12,97;-0,43;01/05/2024;11,6;2,58;15/05/2024;13,27;5,79;01/06/2024;23,08;7,77;15/06/2024;11,98;-1;01/07/2024;24,11;4,11;15/07/2024;25,19;5,77;01/08/2024;25,01;23,83;15/08/2024;-1,38;-0,18;01/09/2024;28,41;2,04;07/09/2024;33,4;3,26;21/09/2024;32,18;1,91;10/05/2024;39,77;2,07;19/10/2024;40,64;3,12;01/11/2024;44,92;4,65;16/11/2024;42,67;4,34;01/12/2024;51,04;5,58;15/12/2024;44,68;1,93;27/12/2024
5,5;0;0;01/02/2024;10,1;1,94;15/02/2024;11,56;0,85;01/03/2024;11,29;6,17;15/03/2024;10,63;6,41;01/04/2024;10,23;4,29;15/04/2024;13,22;-0,28;01/05/2024;11,79;1,16;15/05/2024;13,51;4,77;01/06/2024;23,31;8,95;15/06/2024;8,29;-0,46;01/07/2024;24,39;5,27;15/07/2024;25,49;6,97;01/08/2024;25,42;24,29;15/08/2024;-0,1;1,23;01/09/2024;28,98;3,58;07/09/2024;34,1;5;21/09/2024;33,03;3,71;10/05/2024;40,7;4;19/10/2024;41,51;5,07;01/11/2024;45,82;6,75;16/11/2024;43,61;6,52;01/12/2024;51,92;7,68;15/12/2024;45,55;4,07;27/12/2024
6;0;0;01/02/2024;10,07;2,01;15/02/2024;12,04;0,34;01/03/2024;11,77;5,74;15/03/2024;11,12;6,06;01/04/2024;10,63;4,13;15/04/2024;13,93;-0,12;01/05/2024;12,87;0,09;15/05/2024;14,61;4,2;01/06/2024;25,46;9,27;15/06/2024;6,37;0,82;01/07/2024;26,57;5,62;15/07/2024;27,81;7,39;01/08/2024;27,78;26,83;15/08/2024;0,35;1,86;01/09/2024;31,66;4,34;07/09/2024;36,92;6,08;21/09/2024;36,13;5,09;10/05/2024;43,88;5,57;19/10/2024;44,76;6,72;01/11/2024;49,1;8,41;16/11/2024;46,94;8,34;01/12/2024;55,25;9,58;15/12/2024;48,97;6,03;27/12/2024
6,5;0;0;01/02/2024;10,01;2,07;15/02/2024;12,09;0,91;01/03/2024;11,59;6,34;15/03/2024;10,91;6,66;01/04/2024;10,63;4,58;15/04/2024;14,22;-0,03;01/05/2024;11,93;-1,47;15/05/2024;14,25;3,12;01/06/2024;25,43;10,59;15/06/2024;6,51;0,27;01/07/2024;26,61;6,94;15/07/2024;27,87;8,69;01/08/2024;27,9;27,19;15/08/2024;1,69;3,32;01/09/2024;32,09;5,95;07/09/2024;37,42;8;21/09/2024;36,93;7,26;10/05/2024;44,75;7,94;19/10/2024;45,74;9,16;01/11/2024;50,09;10,83;16/11/2024;47,94;10,85;01/12/2024;56,29;12,03;15/12/2024;49,96;8,51;27/12/2024
7;0;0;01/02/2024;9,97;2,17;15/02/2024;12,01;0,94;01/03/2024;11,47;6,25;15/03/2024;10,76;6,56;01/04/2024;10,64;4,56;15/04/2024;14,46;0,12;01/05/2024;12,85;-1,29;15/05/2024;15,21;3,35;01/06/2024;25,36;10,35;15/06/2024;6,8;0,08;01/07/2024;26,58;6,71;15/07/2024;27,83;8,43;01/08/2024;27,87;27,38;15/08/2024;1,51;3,17;01/09/2024;32,32;6,01;07/09/2024;37,52;8,21;21/09/2024;37,24;7,7;10/05/2024;45,04;8,51;19/10/2024;46,13;9,74;01/11/2024;50,54;11,4;16/11/2024;48,4;11,4;01/12/2024;56,73;12,58;15/12/2024;50,47;9,07;27/12/2024
7,5;0;0;01/02/2024;9,95;2,25;15/02/2024;11,92;0,92;01/03/2024;11,3;6,12;15/03/2024;10,61;6,48;01/04/2024;10,6;4,6;15/04/2024;14,57;0,24;01/05/2024;13,82;-0,3;15/05/2024;16,08;4,13;01/06/2024;24,9;9,93;15/06/2024;6,97;-0,1;01/07/2024;26,14;6,29;15/07/2024;27,34;7,96;01/08/2024;27,41;26,95;15/08/2024;1,1;2,87;01/09/2024;31,74;5,76;07/09/2024;36,82;7,93;21/09/2024;36,41;7,55;10/05/2024;44,1;8,38;19/10/2024;45,25;9,6;01/11/2024;49,51;11,24;16/11/2024;47,4;11,33;01/12/2024;55,69;12,41;15/12/2024;49,42;8,94;27/12/2024
8;0;0;01/02/2024;9,89;2,31;15/02/2024;11,81;0,94;01/03/2024;11,14;6,02;15/03/2024;10,47;6,34;01/04/2024;10,53;4,54;15/04/2024;14,39;0,34;01/05/2024;14,41;0,48;15/05/2024;16,41;4,69;01/06/2024;24,13;9,71;15/06/2024;6,3;0,14;01/07/2024;25,31;6,08;15/07/2024;26,45;7,7;01/08/2024;26,5;25,91;15/08/2024;0,85;2,74;01/09/2024;30,38;5,53;07/09/2024;35,08;7,55;21/09/2024;34,47;7,14;10/05/2024;41,93;7,9;19/10/2024;42,98;9,08;01/11/2024;47,26;10,72;16/11/2024;45,09;10,8;01/12/2024;53,30;11,84;15/12/2024;47,05;8,40;27/12/2024
8,5;0;0;01/02/2024;9,78;2,28;15/02/2024;11,67;0,79;01/03/2024;10,94;5,73;15/03/2024;10,28;6,18;01/04/2024;10,39;4,41;15/04/2024;13,78;0,21;01/05/2024;14,45;1,22;15/05/2024;16,14;5,23;01/06/2024;22,65;8,93;15/06/2024;6,41;0,7;01/07/2024;23,75;5,33;15/07/2024;24,83;6,94;01/08/2024;24,79;23,97;15/08/2024;0,09;1,94;01/09/2024;28,06;4,59;07/09/2024;32,32;6,45;21/09/2024;31,37;5,96;10/05/2024;38,56;6,64;19/10/2024;39,57;7,73;01/11/2024;43,78;9,34;16/11/2024;41,59;9,41;01/12/2024;49,73;10,45;15/12/2024;43,51;7,00;27/12/2024
9;0;0;01/02/2024;9,68;2,22;15/02/2024;11,5;0,78;01/03/2024;10,81;5,57;15/03/2024;10,18;6,03;01/04/2024;10,24;4,33;15/04/2024;12,93;0,02;01/05/2024;14,09;1,25;15/05/2024;15,33;5,01;01/06/2024;20,28;9;15/06/2024;3,5;-0,52;01/07/2024;21,32;5,44;15/07/2024;22,33;7,09;01/08/2024;22,21;21,26;15/08/2024;0,33;2,11;01/09/2024;25,06;4,71;07/09/2024;29,05;6,5;21/09/2024;27,83;5,91;10/05/2024;34,87;6,58;19/10/2024;35,8;7,61;01/11/2024;39,99;9,23;16/11/2024;37,79;9,34;01/12/2024;45,84;10,37;15/12/2024;39,62;6,95;27/12/2024
9,5;0;0;01/02/2024;9,56;2,17;15/02/2024;11,17;0,69;01/03/2024;10,37;5,27;15/03/2024;9,78;5,73;01/04/2024;9,87;4,15;15/04/2024;12,49;0,38;01/05/2024;15,96;1,69;15/05/2024;16,3;5,55;01/06/2024;19,32;9,14;15/06/2024;2,56;-1,99;01/07/2024;20,33;5,64;15/07/2024;21,3;7,26;01/08/2024;21,19;20,31;15/08/2024;0,64;2,59;01/09/2024;24;5,34;07/09/2024;27,85;7,11;21/09/2024;26,6;6,63;10/05/2024;33,55;7,42;19/10/2024;34,47;8,38;01/11/2024;38,62;10,01;16/11/2024;36,44;10,15;01/12/2024;44,46;11,17;15/12/2024;38,27;7,77;27/12/2024
10;0;0;01/02/2024;9,43;2,11;15/02/2024;11,06;0,55;01/03/2024;10,19;5,01;15/03/2024;9,6;5,43;01/04/2024;9,63;3,89;15/04/2024;12,2;0,57;01/05/2024;15,8;2,36;15/05/2024;16,05;6,31;01/06/2024;18,67;9,32;15/06/2024;2,21;-1,97;01/07/2024;19,61;5,87;15/07/2024;20,55;7,48;01/08/2024;20,44;19,63;15/08/2024;0,92;3,01;01/09/2024;23,24;5,94;07/09/2024;27,05;7,7;21/09/2024;25,81;7,22;10/05/2024;32,7;8,14;19/10/2024;33,6;9,02;01/11/2024;37,72;10,68;16/11/2024;35,58;10,79;01/12/2024;43,59;11,86;15/12/2024;37,40;8,32;27/12/2024
10,5;0;0;01/02/2024;9,33;2,07;15/02/2024;10,94;0,48;01/03/2024;10,04;4,77;15/03/2024;9,51;5,21;01/04/2024;9,46;3,6;15/04/2024;11,84;0,52;01/05/2024;16,14;2,69;15/05/2024;16,12;6,81;01/06/2024;18,18;9,03;15/06/2024;2,07;-1,81;01/07/2024;19,01;5,59;15/07/2024;19,95;7,21;01/08/2024;19,86;19,11;15/08/2024;0,73;2,79;01/09/2024;22,64;5,82;07/09/2024;26,39;7,45;21/09/2024;25,18;7,04;10/05/2024;32,32;8,44;19/10/2024;32,91;8,86;01/11/2024;37,06;10,55;16/11/2024;34,96;10,6;01/12/2024;42,92;11,67;15/12/2024;36,77;8,09;27/12/2024
11;0;0;01/02/2024;9,2;2,06;15/02/2024;10,8;0,41;01/03/2024;9,91;4,63;15/03/2024;9,4;5,13;01/04/2024;9,31;3,41;15/04/2024;11,43;0,17;01/05/2024;15,34;2,79;15/05/2024;15,28;6,83;01/06/2024;16,99;8,27;15/06/2024;1,68;-1,81;01/07/2024;17,72;4,81;15/07/2024;18,66;6,39;01/08/2024;18,57;17,82;15/08/2024;-0,03;1,97;01/09/2024;21,21;4,85;07/09/2024;24,9;6,4;21/09/2024;23,7;5,97;10/05/2024;31,04;7,82;19/10/2024;31,39;7,64;01/11/2024;35,5;9,38;16/11/2024;33,42;9,35;01/12/2024;41,36;10,37;15/12/2024;35,24;6,79;27/12/2024
11,5;0;0;01/02/2024;9,08;2,07;15/02/2024;10,69;0,38;01/03/2024;9,82;4,57;15/03/2024;9,34;5,13;01/04/2024;9,19;3,37;15/04/2024;10,96;-0,41;01/05/2024;15,13;2,44;15/05/2024;14,65;6,2;01/06/2024;16,2;7,03;15/06/2024;0,6;-2,44;01/07/2024;16,82;3,58;15/07/2024;17,79;5,08;01/08/2024;17,7;16,9;15/08/2024;-1,26;0,56;01/09/2024;20,05;3,22;07/09/2024;23,65;4,67;21/09/2024;22,43;4,11;10/05/2024;29,83;6,28;19/10/2024;30,04;5,62;01/11/2024;34,14;7,37;16/11/2024;32,05;7,29;01/12/2024;39,94;8,23;15/12/2024;33,80;4,63;27/12/2024
12;0;0;01/02/2024;8,97;2,09;15/02/2024;10,58;0,36;01/03/2024;9,71;4,65;15/03/2024;9,24;5,17;01/04/2024;9,08;3,41;15/04/2024;10,43;-1,07;01/05/2024;14,44;1,91;15/05/2024;13,69;5,2;01/06/2024;15,04;5,28;15/06/2024;2,61;-1,31;01/07/2024;15,61;1,88;15/07/2024;16,64;3,36;01/08/2024;16,51;15,61;15/08/2024;-2,93;-1,42;01/09/2024;18,49;1,09;07/09/2024;21,94;2,41;21/09/2024;20,69;1,7;10/05/2024;28,13;4,05;19/10/2024;28,19;3,13;01/11/2024;32,29;4,85;16/11/2024;30,17;4,74;01/12/2024;38,02;5,66;15/12/2024;31,92;2,13;27/12/2024
12,5;0;0;01/02/2024;8,82;2,04;15/02/2024;10,44;0,35;01/03/2024;9,64;4,68;15/03/2024;9,2;5,22;01/04/2024;8,99;3,47;15/04/2024;9,95;-1,86;01/05/2024;13,27;0,36;15/05/2024;12,37;3,2;01/06/2024;14,85;4,44;15/06/2024;2,27;-1,13;01/07/2024;15,34;1,14;15/07/2024;16,42;2,65;01/08/2024;16,26;15,25;15/08/2024;-3,58;-2,22;01/09/2024;17,87;0,13;07/09/2024;21,17;1,47;21/09/2024;19,82;0,6;10/05/2024;27,15;2,88;19/10/2024;27,2;1,91;01/11/2024;31,26;3,66;16/11/2024;29,16;3,51;01/12/2024;36,98;4,37;15/12/2024;30,99;0,88;27/12/2024
13;0;0;01/02/2024;8,68;2;15/02/2024;10,28;0,25;01/03/2024;9,49;4,53;15/03/2024;9,1;5,11;01/04/2024;8,85;3,46;15/04/2024;9,6;-2,48;01/05/2024;12,55;-0,6;15/05/2024;11,52;1,81;01/06/2024;14,27;3,44;15/06/2024;1,9;-0,87;01/07/2024;14,75;0,24;15/07/2024;15,83;1,77;01/08/2024;15,61;14,46;15/08/2024;-4,38;-3,09;01/09/2024;16,88;-0,84;07/09/2024;20,01;0,5;21/09/2024;18,59;-0,46;10/05/2024;25,76;1,79;19/10/2024;25,82;0,84;01/11/2024;29,73;2,58;16/11/2024;27,62;2,43;01/12/2024;35,42;3,25;15/12/2024;29,51;-0,19;27/12/2024
13,5;0;0;01/02/2024;8,51;1,88;15/02/2024;10,1;0,22;01/03/2024;9,33;4,54;15/03/2024;8,95;5,1;01/04/2024;8,63;3,64;15/04/2024;9,32;-2,58;01/05/2024;12,5;-1,3;15/05/2024;11,35;0,78;01/06/2024;14,28;3,41;15/06/2024;1,67;-0,79;01/07/2024;14,79;0,32;15/07/2024;15,88;1,91;01/08/2024;15,62;14,37;15/08/2024;-4,1;-2,97;01/09/2024;16,65;-0,79;07/09/2024;19,71;0,63;21/09/2024;18,27;-0,38;10/05/2024;25,3;1,78;19/10/2024;25,36;0,78;01/11/2024;29,3;2,71;16/11/2024;27,31;2,5;01/12/2024;35,04;3,28;15/12/2024;29,09;-0,14;27/12/2024
14;0;0;01/02/2024;8,34;1,84;15/02/2024;9,83;0,17;01/03/2024;9,07;4,49;15/03/2024;8,7;5,01;01/04/2024;8,32;3,74;15/04/2024;9,06;-2,24;01/05/2024;11,81;-1,39;15/05/2024;10,91;0,73;01/06/2024;13,88;4,46;15/06/2024;1,83;-1,07;01/07/2024;14,49;1,42;15/07/2024;15,54;3,14;01/08/2024;15,26;14,02;15/08/2024;-2,79;-1,74;01/09/2024;16,35;0,38;07/09/2024;19,51;1,86;21/09/2024;18,09;0,83;10/05/2024;25,04;2,98;19/10/2024;25,14;2,07;01/11/2024;29,1;4,02;16/11/2024;27,12;3,76;01/12/2024;34,84;4,65;15/12/2024;28,88;1,29;27/12/2024
14,5;0;0;01/02/2024;8,16;1,78;15/02/2024;9,57;0,12;01/03/2024;8,83;4,44;15/03/2024;8,47;5,02;01/04/2024;8,05;3,83;15/04/2024;8,93;-1,23;01/05/2024;11,87;-1,01;15/05/2024;11,01;1,57;01/06/2024;14,21;6,27;15/06/2024;2,42;-1,2;01/07/2024;14,95;3,32;15/07/2024;16,05;5,11;01/08/2024;15,84;14,75;15/08/2024;-0,72;0,32;01/09/2024;17,31;2,48;07/09/2024;20,65;3,99;21/09/2024;19,34;2,87;10/05/2024;26,31;5,07;19/10/2024;26,47;4,19;01/11/2024;30,46;6,1;16/11/2024;28,49;5,87;01/12/2024;36,21;6,80;15/12/2024;30,30;3,50;27/12/2024
15;0;0;01/02/2024;8,02;1,73;15/02/2024;9,36;0,22;01/03/2024;8,55;4,35;15/03/2024;8,17;4,86;01/04/2024;7,68;3,81;15/04/2024;8,95;0,01;01/05/2024;11,94;0,1;15/05/2024;11,45;3,3;01/06/2024;15,4;6,16;15/06/2024;2,42;0;01/07/2024;16,22;3,35;15/07/2024;17,39;5;01/08/2024;17,24;16,23;15/08/2024;-0,78;0,31;01/09/2024;18,93;2,57;07/09/2024;22,31;3,97;21/09/2024;21,14;2,77;10/05/2024;28,25;4,98;19/10/2024;28,41;4,06;01/11/2024;32,35;5,87;16/11/2024;30,43;5,64;01/12/2024;38,11;6,48;15/12/2024;32,17;3,10;27/12/2024
15,5;0;0;01/02/2024;7,89;1,77;15/02/2024;9,28;0,29;01/03/2024;8,37;4,24;15/03/2024;7,98;4,8;01/04/2024;7,47;3,84;15/04/2024;9,46;-0,22;01/05/2024;10,86;2,81;15/05/2024;11,07;5,61;01/06/2024;15,68;5,77;15/06/2024;2,16;-0,02;01/07/2024;16,51;2,97;15/07/2024;17,65;4,59;01/08/2024;17,43;16,21;15/08/2024;-1,18;-0,15;01/09/2024;18,72;2,03;07/09/2024;21,95;3,35;21/09/2024;20,79;2,06;10/05/2024;27,92;4,26;19/10/2024;28,15;3,31;01/11/2024;32,08;5,08;16/11/2024;30,15;4,84;01/12/2024;37,80;5,72;15/12/2024;31,83;2,30;27/12/2024
16;0;0;01/02/2024;7,77;1,63;15/02/2024;8,96;0,32;01/03/2024;8,06;4,1;15/03/2024;7,68;4,6;01/04/2024;7,2;3,74;15/04/2024;10;-0,58;01/05/2024;11,49;2,08;15/05/2024;11,64;4,73;01/06/2024;16,11;5,41;15/06/2024;1,75;-0,33;01/07/2024;16,92;2,56;15/07/2024;18,1;4,19;01/08/2024;17,82;16,55;15/08/2024;-1,49;-0,41;01/09/2024;18,92;1,65;07/09/2024;22;2,85;21/09/2024;20,84;1,45;10/05/2024;27,98;3,72;19/10/2024;28,19;2,63;01/11/2024;32,12;4,44;16/11/2024;30,2;4,23;01/12/2024;37,80;5,10;15/12/2024;31,87;1,71;27/12/2024
16,5;0;0;01/02/2024;7,61;1,53;15/02/2024;8,71;0,33;01/03/2024;7,78;3,99;15/03/2024;7,37;4,48;01/04/2024;6,93;3,69;15/04/2024;10,46;-0,48;01/05/2024;12,16;1,73;15/05/2024;12,32;4,42;01/06/2024;16,5;5,72;15/06/2024;1,49;-0,36;01/07/2024;17,29;2,82;15/07/2024;18,47;4,48;01/08/2024;18,2;16,92;15/08/2024;-1,06;0,14;01/09/2024;19,2;2,12;07/09/2024;22,15;3,28;21/09/2024;20,99;1,81;10/05/2024;28,03;4,03;19/10/2024;28,21;2,95;01/11/2024;32,15;4,76;16/11/2024;30,22;4,55;01/12/2024;37,79;5,37;15/12/2024;31,86;2,00;27/12/2024
17;0;0;01/02/2024;7,46;1,43;15/02/2024;8,45;0,38;01/03/2024;7,57;3,92;15/03/2024;7,18;4,37;01/04/2024;6,77;3,72;15/04/2024;10,75;-0,16;01/05/2024;12,36;2;15/05/2024;12,54;4,72;01/06/2024;16,29;6,29;15/06/2024;0,68;-0,07;01/07/2024;17,08;3,48;15/07/2024;18,2;5,11;01/08/2024;17,97;16,66;15/08/2024;-0,17;1,15;01/09/2024;18,83;3,07;07/09/2024;21,69;4,25;21/09/2024;20,49;2,78;10/05/2024;27,35;5,01;19/10/2024;27,51;3,95;01/11/2024;31,38;5,68;16/11/2024;29,4;5,47;01/12/2024;36,91;6,28;15/12/2024;31,02;2,95;27/12/2024
17,5;0;0;01/02/2024;7,28;1,35;15/02/2024;8,23;0,41;01/03/2024;7,41;3,83;15/03/2024;7,06;4,34;01/04/2024;6,66;3,78;15/04/2024;10,72;0,17;01/05/2024;13,19;2,24;15/05/2024;13,1;4,96;01/06/2024;16,24;7,09;15/06/2024;0,43;0,25;01/07/2024;16,97;4,37;15/07/2024;18,1;6,07;01/08/2024;17,81;16,48;15/08/2024;1,09;2,54;01/09/2024;18,52;4,47;07/09/2024;21,29;5,67;21/09/2024;20,01;4,23;10/05/2024;26,6;6,49;19/10/2024;26,71;5,47;01/11/2024;30,52;7,12;16/11/2024;28,53;6,89;01/12/2024;36,00;7,77;15/12/2024;30,08;4,42;27/12/2024
18;0;0;01/02/2024;7,13;1,25;15/02/2024;8,13;0,5;01/03/2024;7,28;3,82;15/03/2024;6,99;4,29;01/04/2024;6,56;3,81;15/04/2024;10,26;0,48;01/05/2024;12,89;2,57;15/05/2024;12,85;5,54;01/06/2024;15,49;7,53;15/06/2024;1,4;-0,51;01/07/2024;16,18;4,91;15/07/2024;17,27;6,71;01/08/2024;16,94;15,51;15/08/2024;2,08;3,6;01/09/2024;17,34;5,58;07/09/2024;20,01;6,88;21/09/2024;18,54;5,38;10/05/2024;24,84;7,63;19/10/2024;24,9;6,6;01/11/2024;28,61;8,26;16/11/2024;26,55;8,01;01/12/2024;33,96;8,92;15/12/2024;28,00;5,55;27/12/2024
18,5;0;0;01/02/2024;6,99;1,15;15/02/2024;8,06;0,56;01/03/2024;7,24;3,69;15/03/2024;7;4,31;01/04/2024;6,55;3,93;15/04/2024;9,48;0,78;01/05/2024;12,7;2,87;15/05/2024;12,53;6,05;01/06/2024;13,94;8,52;15/06/2024;1;-0,64;01/07/2024;14,6;5,92;15/07/2024;15,63;7,73;01/08/2024;15,26;13,73;15/08/2024;3,49;5,03;01/09/2024;15,31;7,01;07/09/2024;17,8;8,3;21/09/2024;16,14;6,85;10/05/2024;22,11;9,37;19/10/2024;22,1;8,12;01/11/2024;25,68;9,8;16/11/2024;23,52;9,49;01/12/2024;30,88;10,44;15/12/2024;24,90;7,08;27/12/2024
19;0;0;01/02/2024;6,88;1,17;15/02/2024;8,09;0,65;01/03/2024;7,27;3,74;15/03/2024;7,07;4,36;01/04/2024;6,56;3,72;15/04/2024;8,37;0,9;01/05/2024;11,97;2,98;15/05/2024;11,54;6,6;01/06/2024;12,49;8,78;15/06/2024;0,91;-0,73;01/07/2024;13,13;6,24;15/07/2024;14,06;7,91;01/08/2024;13,64;11,98;15/08/2024;3,95;5,46;01/09/2024;13,31;7,4;07/09/2024;15,6;8,68;21/09/2024;13,73;7,21;10/05/2024;19,44;9,74;19/10/2024;19,32;8,58;01/11/2024;22,84;10,15;16/11/2024;20,59;9,85;01/12/2024;27,85;10,83;15/12/2024;21,90;7,53;27/12/2024
19,5;0;0;01/02/2024;6,78;1,11;15/02/2024;8,13;0,7;01/03/2024;7,32;3,65;15/03/2024;7,18;4,35;01/04/2024;6,58;3,65;15/04/2024;7,09;0,76;01/05/2024;10,76;2,83;15/05/2024;10,22;6,59;01/06/2024;10,95;8,45;15/06/2024;0,76;-0,7;01/07/2024;11,53;5,89;15/07/2024;12,42;7,35;01/08/2024;11,99;10,23;15/08/2024;3,46;4,83;01/09/2024;11,34;6,73;07/09/2024;13,51;8,04;21/09/2024;11,46;6,55;10/05/2024;17,02;9,06;19/10/2024;16,84;7,95;01/11/2024;20,25;9,48;16/11/2024;17,97;9,17;01/12/2024;25,22;10,15;15/12/2024;19,29;6,87;27/12/2024
20;0;0;01/02/2024;6,74;1,14;15/02/2024;8,21;0,64;01/03/2024;7,42;3,53;15/03/2024;7,32;4,21;01/04/2024;6,63;3,55;15/04/2024;5,81;0,26;01/05/2024;9,29;2,46;15/05/2024;8,66;6,06;01/06/2024;9,54;7,24;15/06/2024;1,08;-0,98;01/07/2024;10,05;4,64;15/07/2024;10,91;5,78;01/08/2024;10,46;8,62;15/08/2024;1,92;2,92;01/09/2024;9,67;4,73;07/09/2024;11,81;6,04;21/09/2024;9,66;4,41;10/05/2024;15,21;6,94;19/10/2024;15,07;5,8;01/11/2024;18,46;7,26;16/11/2024;16,2;6,91;01/12/2024;23,44;7,84;15/12/2024;17,59;4,55;27/12/2024
20,5;0;0;01/02/2024;6,68;1,13;15/02/2024;8,21;0,52;01/03/2024;7,45;3,38;15/03/2024;7,37;4,04;01/04/2024;6,59;3,39;15/04/2024;4,61;-0,61;01/05/2024;7,65;1,68;15/05/2024;6,94;4,73;01/06/2024;8,25;5,18;15/06/2024;0,7;-1,04;01/07/2024;8,72;2,42;15/07/2024;9,59;3,35;01/08/2024;9,15;7,3;15/08/2024;-0,65;-0,06;01/09/2024;8,42;1,45;07/09/2024;10,63;2,68;21/09/2024;8,57;0,71;10/05/2024;14,22;3,14;19/10/2024;14,16;2,02;01/11/2024;17,59;3,34;16/11/2024;15,38;2,97;01/12/2024;22,61;3,96;15/12/2024;16,95;0,65;27/12/2024
21;0;0;01/02/2024;6,33;0,19;15/02/2024;8,13;0,32;01/03/2024;7,43;3,07;15/03/2024;7,34;3,76;01/04/2024;6,52;3,23;15/04/2024;3,59;-1,85;01/05/2024;6,07;0,37;15/05/2024;5,29;2,65;01/06/2024;7,1;3,18;15/06/2024;0,27;-1,57;01/07/2024;7,55;0,31;15/07/2024;8,51;1,24;01/08/2024;8,1;6,33;15/08/2024;-2,98;-2,87;01/09/2024;7,53;-1,67;07/09/2024;9,96;-0,59;21/09/2024;8,12;-2,82;10/05/2024;13,87;-0,59;19/10/2024;13,98;-1,72;01/11/2024;17,5;-0,4;16/11/2024;15,43;-0,81;01/12/2024;22,63;0,15;15/12/2024;17,17;-3,00;27/12/2024
21,5;0;0;01/02/2024;6,99;0,86;15/02/2024;8,03;0,05;01/03/2024;7,51;2,73;15/03/2024;7,4;3,56;01/04/2024;6,58;2,97;15/04/2024;4,15;-1,14;01/05/2024;5,1;0,34;15/05/2024;4,4;2,3;01/06/2024;9,21;4,22;15/06/2024;0,33;-0,82;01/07/2024;9,67;1,35;15/07/2024;10,68;2,17;01/08/2024;10,29;8,65;15/08/2024;-2,07;-2,18;01/09/2024;10,03;-1,14;07/09/2024;12,6;-0,22;21/09/2024;11,13;-2,63;10/05/2024;17,07;-0,58;19/10/2024;17,28;-1,78;01/11/2024;20,88;-0,48;16/11/2024;18,9;-0,94;01/12/2024;26,13;-0,11;15/12/2024;20,84;-3,23;27/12/2024
22;0;0;01/02/2024;6,58;0,9;15/02/2024;8,06;0,11;01/03/2024;7,55;2,69;15/03/2024;7,46;3,56;01/04/2024;6,66;3,01;15/04/2024;5,12;-0,2;01/05/2024;5,42;1,29;15/05/2024;5,33;3,36;01/06/2024;10,36;5,19;15/06/2024;0,12;-0,74;01/07/2024;10,87;2,37;15/07/2024;11,9;3,15;01/08/2024;11,56;10;15/08/2024;-1,01;-1,34;01/09/2024;11,58;-0,44;07/09/2024;14,24;0,27;21/09/2024;13,08;-2,18;10/05/2024;19,15;-0,29;19/10/2024;19,48;-1,56;01/11/2024;23,1;-0,29;16/11/2024;21,27;-0,78;01/12/2024;28,47;-0,03;15/12/2024;23,22;-3,11;27/12/2024
22,5;0;0;01/02/2024;6,53;0,92;15/02/2024;8,04;0,09;01/03/2024;7,5;2,59;15/03/2024;7,43;3,53;01/04/2024;6,66;2,92;15/04/2024;5,9;0,3;01/05/2024;5,99;1,93;15/05/2024;6,06;3,95;01/06/2024;11,21;5,63;15/06/2024;-0,49;-0,77;01/07/2024;11,79;2,88;15/07/2024;12,83;3,64;01/08/2024;12,54;11,02;15/08/2024;-0,39;-0,8;01/09/2024;12,71;0,01;07/09/2024;15,32;0,67;21/09/2024;14,34;-1,66;10/05/2024;20,39;0,15;19/10/2024;20,73;-1,17;01/11/2024;24,28;0,13;16/11/2024;22,5;-0,35;01/12/2024;29,64;0,32;15/12/2024;24,42;-2,69;27/12/2024
23;0;0;01/02/2024;6,35;0,88;15/02/2024;7,95;0,04;01/03/2024;7,37;2,48;15/03/2024;7,38;3,43;01/04/2024;6,56;2,79;15/04/2024;6,32;0,47;01/05/2024;6,42;2,07;15/05/2024;6,54;4,02;01/06/2024;11,65;5,84;15/06/2024;-1,03;-0,73;01/07/2024;12,2;3,16;15/07/2024;13,22;3,96;01/08/2024;12,94;11,45;15/08/2024;0,19;-0,28;01/09/2024;13,03;0,58;07/09/2024;15,5;1,29;21/09/2024;14,43;-0,75;10/05/2024;20,25;1,05;19/10/2024;20,51;-0,24;01/11/2024;23,87;1,11;16/11/2024;22,04;0,64;01/12/2024;29,09;1,33;15/12/2024;23,82;-1,64;27/12/2024
23,5;0;0;01/02/2024;6,23;0,86;15/02/2024;7,84;0,02;01/03/2024;7,23;2,44;15/03/2024;7,28;3,4;01/04/2024;6,44;2,76;15/04/2024;6,39;0,54;01/05/2024;6,69;1,91;15/05/2024;6,8;3,88;01/06/2024;11,6;5,87;15/06/2024;-1,47;-1,64;01/07/2024;12,1;3,33;15/07/2024;13,09;4,18;01/08/2024;12,73;11,22;15/08/2024;0,63;0,23;01/09/2024;12,49;1,2;07/09/2024;14,73;2,01;21/09/2024;13,31;0,32;10/05/2024;18,75;2,2;19/10/2024;18,73;1,05;01/11/2024;21,95;2,48;16/11/2024;20,02;2,06;01/12/2024;26,91;2,76;15/12/2024;21,55;-0,09;27/12/2024
24;0;0;01/02/2024;5,23;-0,4;15/02/2024;7,71;-0,03;01/03/2024;7,01;2,28;15/03/2024;7,11;3,22;01/04/2024;6,24;2,64;15/04/2024;6,08;0,4;01/05/2024;6,67;1,52;15/05/2024;6,67;3,47;01/06/2024;10,96;4,59;15/06/2024;-0,99;-1,36;01/07/2024;11,39;2,12;15/07/2024;12,3;2,97;01/08/2024;11,91;10,23;15/08/2024;-0,43;-0,62;01/09/2024;11,17;0,48;07/09/2024;13,1;1,41;21/09/2024;11,32;0,07;10/05/2024;16,31;2,08;19/10/2024;16,08;1,04;01/11/2024;19,02;2,53;16/11/2024;16,97;2,13;01/12/2024;23,66;2,86;15/12/2024;18,21;0,05;27/12/2024
24,5;0;0;01/02/2024;5,58;0,84;15/02/2024;7,49;-0,31;01/03/2024;6,72;2,03;15/03/2024;6,87;2,9;01/04/2024;6,07;2,57;15/04/2024;6,2;0,28;01/05/2024;8,06;3,08;15/05/2024;7,77;4,31;01/06/2024;10,13;4,64;15/06/2024;-0,52;-1,35;01/07/2024;10,51;2,22;15/07/2024;11,35;3,08;01/08/2024;10,92;9,12;15/08/2024;-0,2;-0,26;01/09/2024;9,77;0,96;07/09/2024;11,47;1,99;21/09/2024;9,6;0,88;10/05/2024;14,22;2,98;19/10/2024;13,72;2,08;01/11/2024;16,51;3,62;16/11/2024;14,33;3,22;01/12/2024;20,80;3,94;15/12/2024;15,31;1,26;27/12/2024
25;0;0;01/02/2024;6,09;0,61;15/02/2024;7,48;-0,42;01/03/2024;6,72;1,87;15/03/2024;6,9;2,7;01/04/2024;6,11;2,4;15/04/2024;6,52;0;01/05/2024;8,48;2,3;15/05/2024;7,87;3,83;01/06/2024;10,36;4,39;15/06/2024;-0,44;0,03;01/07/2024;10,69;2,04;15/07/2024;11,49;2,91;01/08/2024;11,04;9,12;15/08/2024;-0,25;-0,25;01/09/2024;9,58;1,05;07/09/2024;11,1;2,1;21/09/2024;9,18;1,1;10/05/2024;13,51;3,3;19/10/2024;12,83;2,48;01/11/2024;15,51;4,04;16/11/2024;13,26;3,62;01/12/2024;19,54;4,37;15/12/2024;14,10;1,74;27/12/2024
25,5;0;0;01/02/2024;6,04;0,48;15/02/2024;7,47;-0,51;01/03/2024;6,67;1,71;15/03/2024;6,87;2,58;01/04/2024;6,13;2,3;15/04/2024;6,77;-0,17;01/05/2024;8,59;1,87;15/05/2024;7,92;3,42;01/06/2024;10,65;4,21;15/06/2024;-0,81;0,52;01/07/2024;10,99;1,93;15/07/2024;11,71;2,79;01/08/2024;11,28;9,39;15/08/2024;-0,28;-0,36;01/09/2024;9,79;1;07/09/2024;11,23;2,01;21/09/2024;9,31;1,07;10/05/2024;13,5;3,19;19/10/2024;12,77;2,44;01/11/2024;15,45;3,94;16/11/2024;13,2;3,55;01/12/2024;19,33;4,25;15/12/2024;13,99;1,67;27/12/2024
26;0;0;01/02/2024;5,99;0,49;15/02/2024;7,47;-0,56;01/03/2024;6,64;1,6;15/03/2024;6,88;2,43;01/04/2024;6,18;2,24;15/04/2024;7,15;-0,29;01/05/2024;8,67;1,71;15/05/2024;8,06;3,26;01/06/2024;11,35;4,06;15/06/2024;-0,71;0,32;01/07/2024;11,72;1,86;15/07/2024;12,4;2,68;01/08/2024;12,04;10,34;15/08/2024;-0,31;-0,53;01/09/2024;10,82;0,76;07/09/2024;12,28;1,7;21/09/2024;10,41;0,67;10/05/2024;14,61;2,72;19/10/2024;13,98;1,96;01/11/2024;16,72;3,4;16/11/2024;14,54;2,98;01/12/2024;20,57;3,65;15/12/2024;15,39;1,07;27/12/2024
26,5;0;0;01/02/2024;5,96;0,44;15/02/2024;7,45;-0,63;01/03/2024;6,64;1,5;15/03/2024;6,86;2,25;01/04/2024;6,3;2,17;15/04/2024;7,77;-0,43;01/05/2024;8,94;1,42;15/05/2024;8,53;3;01/06/2024;12,47;3,78;15/06/2024;-0,66;0,45;01/07/2024;12,88;1,66;15/07/2024;13,57;2,4;01/08/2024;13,3;11,91;15/08/2024;-0,53;-0,94;01/09/2024;12,64;0,19;07/09/2024;14,11;1,03;21/09/2024;12,34;-0,14;10/05/2024;16,65;1,76;19/10/2024;16,16;0,96;01/11/2024;19,02;2,31;16/11/2024;16,92;1,88;01/12/2024;22,88;2,52;15/12/2024;17,87;-0,06;27/12/2024
27;0;0;01/02/2024;5,29;0,13;15/02/2024;7,49;-0,6;01/03/2024;6,67;1,42;15/03/2024;6,88;2,17;01/04/2024;6,48;2,14;15/04/2024;8,66;-0,6;01/05/2024;9,46;1,12;15/05/2024;9,37;2,59;01/06/2024;12,99;3,45;15/06/2024;-1,77;-0,94;01/07/2024;13,44;1,4;15/07/2024;14,12;2,1;01/08/2024;13,9;12,81;15/08/2024;-0,76;-1,33;01/09/2024;13,7;-0,34;07/09/2024;15,13;0,44;21/09/2024;13,38;-0,82;10/05/2024;17,71;0,97;19/10/2024;17,42;0,1;01/11/2024;20,28;1,4;16/11/2024;18,24;0,98;01/12/2024;24,10;1,58;15/12/2024;19,15;-0,91;27/12/2024
27,5;0;0;01/02/2024;5,72;0,28;15/02/2024;7,35;-0,58;01/03/2024;6,61;1,34;15/03/2024;6,84;2,06;01/04/2024;6,57;2,14;15/04/2024;8,77;-0,35;01/05/2024;11,21;1,26;15/05/2024;10,79;2,67;01/06/2024;12,77;3,88;15/06/2024;-1,89;-0,3;01/07/2024;13,21;1,97;15/07/2024;13,88;2,63;01/08/2024;13,62;12,57;15/08/2024;-0,11;-0,51;01/09/2024;13,44;0,5;07/09/2024;14,68;1,37;21/09/2024;12,88;0,13;10/05/2024;17,14;1,82;19/10/2024;16,97;0,92;01/11/2024;19,86;2,17;16/11/2024;17,87;1,76;01/12/2024;23,60;2,34;15/12/2024;18,77;-0,04;27/12/2024
28;0;0;01/02/2024;5,71;0,22;15/02/2024;7,34;-0,72;01/03/2024;6,63;1,24;15/03/2024;6,82;1,94;01/04/2024;6,67;2,09;15/04/2024;8,77;-0,23;01/05/2024;11,02;1,54;15/05/2024;10,58;3,05;01/06/2024;12,78;3,86;15/06/2024;-1,7;-0,4;01/07/2024;13,21;2,12;15/07/2024;13,89;2,74;01/08/2024;13,6;12,63;15/08/2024;0,12;-0,19;01/09/2024;13,41;0,82;07/09/2024;14,47;1,72;21/09/2024;12,62;0,56;10/05/2024;16,69;2,21;19/10/2024;16,56;1,31;01/11/2024;19,44;2,5;16/11/2024;17,45;2,12;01/12/2024;23,06;2,61;15/12/2024;18,33;0,30;27/12/2024
28,5;0;0;01/02/2024;5,62;0,22;15/02/2024;7,38;-0,81;01/03/2024;6,64;1,14;15/03/2024;6,8;1,76;01/04/2024;6,78;2,04;15/04/2024;8,91;-0,23;01/05/2024;10,95;1,71;15/05/2024;10,53;3,18;01/06/2024;12,95;3,71;15/06/2024;-2,02;-0,54;01/07/2024;13,42;2,08;15/07/2024;14,09;2,65;01/08/2024;13,78;12,95;15/08/2024;0,11;-0,15;01/09/2024;13,61;0,83;07/09/2024;14,51;1,75;21/09/2024;12,61;0,65;10/05/2024;16,52;2,29;19/10/2024;16,36;1,4;01/11/2024;19,19;2,54;16/11/2024;17,21;2,2;01/12/2024;22,69;2,70;15/12/2024;18,03;0,42;27/12/2024
29;0;0;01/02/2024;5,52;0,16;15/02/2024;7,37;-0,88;01/03/2024;6,62;1,03;15/03/2024;6,75;1,65;01/04/2024;6,85;2;15/04/2024;9,09;-0,3;01/05/2024;11,04;1,7;15/05/2024;10,69;3,08;01/06/2024;13,11;3,49;15/06/2024;-2,33;-0,85;01/07/2024;13,6;1,91;15/07/2024;14,28;2,42;01/08/2024;13,94;13,29;15/08/2024;-0,02;-0,33;01/09/2024;13,86;0,63;07/09/2024;14,72;1,58;21/09/2024;12,84;0,56;10/05/2024;16,62;2,16;19/10/2024;16,34;1,29;01/11/2024;19,07;2,38;16/11/2024;17,14;2,11;01/12/2024;22,51;2,55;15/12/2024;17,88;0,28;27/12/2024
29,5;0;0;01/02/2024;5,44;0,12;15/02/2024;7,4;-0,99;01/03/2024;6,57;0,95;15/03/2024;6,65;1,54;01/04/2024;6,91;2;15/04/2024;9,2;-0,34;01/05/2024;11,17;1,73;15/05/2024;10,9;2,96;01/06/2024;13,13;3,26;15/06/2024;-2,02;-0,89;01/07/2024;13,66;1,72;15/07/2024;14,34;2,18;01/08/2024;13,99;13,58;15/08/2024;-0,2;-0,61;01/09/2024;14,12;0,36;07/09/2024;15,08;1,29;21/09/2024;13,28;0,33;10/05/2024;16,92;1,92;19/10/2024;16,51;1,1;01/11/2024;19,14;2,1;16/11/2024;17,22;1,9;01/12/2024;22,49;2,26;15/12/2024;17,93;0,06;27/12/2024
30;0;0;01/02/2024;4,79;0,72;15/02/2024;7,38;-1,15;01/03/2024;6,47;0,82;15/03/2024;6,54;1,37;01/04/2024;6,86;1,95;15/04/2024;9,09;-0,42;01/05/2024;11,19;1,8;15/05/2024;10,93;2,88;01/06/2024;12,84;3,35;15/06/2024;-1,34;0,14;01/07/2024;13,41;1,84;15/07/2024;14,05;2,3;01/08/2024;13,71;13,56;15/08/2024;0;-0,54;01/09/2024;14,36;0,41;07/09/2024;15,59;1,3;21/09/2024;13,91;0,41;10/05/2024;17,5;2,01;19/10/2024;17;1,22;01/11/2024;19,56;2,19;16/11/2024;17,69;2,01;01/12/2024;22,82;2,38;15/12/2024;18,37;0,25;27/12/2024
30,5;0;0;01/02/2024;4,77;0,26;15/02/2024;7,14;-1,28;01/03/2024;6,25;0,76;15/03/2024;6,32;1,31;01/04/2024;6,7;2;15/04/2024;8,86;-0,42;01/05/2024;12,14;0,57;15/05/2024;11,73;1,91;01/06/2024;11,7;3,41;15/06/2024;-1,13;0,48;01/07/2024;12,31;1,94;15/07/2024;12,91;2,35;01/08/2024;12,62;12,72;15/08/2024;0,1;-0,52;01/09/2024;14,47;0,25;07/09/2024;15,96;1,13;21/09/2024;14,52;0,28;10/05/2024;18,25;1,81;19/10/2024;17,93;1,03;01/11/2024;20,38;1,92;16/11/2024;18,58;1,77;01/12/2024;23,54;2,08;15/12/2024;19,19;0,05;27/12/2024
31;0;0;01/02/2024;5,24;-0,15;15/02/2024;7;-1,45;01/03/2024;6,13;0,6;15/03/2024;6,21;1,13;01/04/2024;6,58;1,92;15/04/2024;8,49;-0,57;01/05/2024;12,18;0,45;15/05/2024;11,5;1,76;01/06/2024;11,29;2,98;15/06/2024;-1,23;0,63;01/07/2024;11,93;1,55;15/07/2024;12,53;1,89;01/08/2024;12,25;12,59;15/08/2024;-0,24;-0,95;01/09/2024;15,04;-0,29;07/09/2024;16,81;0,61;21/09/2024;15,53;-0,22;10/05/2024;19,28;1,28;19/10/2024;19,08;0,52;01/11/2024;21,49;1,37;16/11/2024;19,77;1,23;01/12/2024;24,61;1,46;15/12/2024;20,40;-0,51;27/12/2024
31,5;0;0;01/02/2024;5,01;0;15/02/2024;6,85;-1,66;01/03/2024;5,97;0,41;15/03/2024;6,08;0,92;01/04/2024;6,4;1,82;15/04/2024;7,88;-0,66;01/05/2024;11,47;0,66;15/05/2024;10,84;1,77;01/06/2024;10,65;2,57;15/06/2024;-1,28;0,74;01/07/2024;11,31;1,2;15/07/2024;11,9;1,56;01/08/2024;11,59;12,1;15/08/2024;-0,53;-1,25;01/09/2024;14,82;-0,65;07/09/2024;16,77;0,33;21/09/2024;15,56;-0,51;10/05/2024;19,27;0,98;19/10/2024;19,12;0,34;01/11/2024;21,36;1,08;16/11/2024;19,73;0,96;01/12/2024;24,45;1,20;15/12/2024;20,32;-0,76;27/12/2024
32;0;0;01/02/2024;4,8;0,02;15/02/2024;6,66;-1,8;01/03/2024;5,75;0,27;15/03/2024;5,89;0,73;01/04/2024;6,19;1,72;15/04/2024;7,15;-0,87;01/05/2024;10,72;0,38;15/05/2024;10,15;1,43;01/06/2024;9,77;2,53;15/06/2024;-1,35;0,69;01/07/2024;10,45;1,21;15/07/2024;10,97;1,46;01/08/2024;10,66;11,19;15/08/2024;-0,54;-1,17;01/09/2024;13,7;-0,51;07/09/2024;15,54;0,5;21/09/2024;14,39;-0,29;10/05/2024;17,93;1,19;19/10/2024;17,69;0,64;01/11/2024;19,77;1,34;16/11/2024;18,21;1,22;01/12/2024;22,81;1,56;15/12/2024;18,76;-0,36;27/12/2024
32,5;0;0;01/02/2024;4,59;-0,02;15/02/2024;6,44;-1,97;01/03/2024;5,52;0,16;15/03/2024;5,66;0,57;01/04/2024;5,9;1,6;15/04/2024;6,37;-0,9;01/05/2024;9,87;0,14;15/05/2024;9,32;1,28;01/06/2024;8,9;2,46;15/06/2024;-1,09;0,82;01/07/2024;9,55;1,24;15/07/2024;10,01;1,46;01/08/2024;9,66;10,1;15/08/2024;-0,45;-0,99;01/09/2024;11,89;-0,22;07/09/2024;13,39;0,78;21/09/2024;12,14;0,06;10/05/2024;15,42;1,54;19/10/2024;15,15;1,03;01/11/2024;17,15;1,72;16/11/2024;15,62;1,63;01/12/2024;20,08;1,93;15/12/2024;16,18;0,13;27/12/2024
33;0;0;01/02/2024;5,03;-0,28;15/02/2024;6,25;-2,12;01/03/2024;5,32;0,01;15/03/2024;5,48;0,39;01/04/2024;5,73;1,42;15/04/2024;5,76;-0,97;01/05/2024;9,12;0;15/05/2024;8,54;1,15;01/06/2024;8,12;2,39;15/06/2024;0,38;-0,23;01/07/2024;8,68;1,24;15/07/2024;9,1;1,4;01/08/2024;8,69;8,92;15/08/2024;-0,37;-0,81;01/09/2024;9,75;0,09;07/09/2024;10,86;1,09;21/09/2024;9,57;0,43;10/05/2024;12,63;1,9;19/10/2024;12,26;1,42;01/11/2024;14,18;2,09;16/11/2024;12,67;1,99;01/12/2024;17,03;2,24;15/12/2024;13,21;0,53;27/12/2024
33,5;0;0;01/02/2024;4,89;-0,3;15/02/2024;6,17;-2,21;01/03/2024;5,27;-0,13;15/03/2024;5,37;0,21;01/04/2024;5,51;1,21;15/04/2024;5,09;-1,14;01/05/2024;7,06;0,39;15/05/2024;6,6;1,51;01/06/2024;8,24;1,65;15/06/2024;-0,73;-0,07;01/07/2024;8,75;0,59;15/07/2024;9,11;0,68;01/08/2024;8,62;8,61;15/08/2024;-0,98;-1,28;01/09/2024;8,41;-0,26;07/09/2024;9,06;0,76;21/09/2024;7,77;0,16;10/05/2024;10,69;1,62;19/10/2024;10,29;1,18;01/11/2024;12,14;1,8;16/11/2024;10,71;1,68;01/12/2024;14,91;1,89;15/12/2024;11,22;0,26;27/12/2024
34;0;0;01/02/2024;4,12;-0,11;15/02/2024;6,06;-2,3;01/03/2024;5,12;-0,25;15/03/2024;5,16;0,08;01/04/2024;5,28;1;15/04/2024;4,56;-1,53;01/05/2024;5,63;0,21;15/05/2024;5,56;1,16;01/06/2024;7,63;1,38;15/06/2024;-0,75;-0,31;01/07/2024;8,11;0,39;15/07/2024;8,36;0,41;01/08/2024;7,82;7,59;15/08/2024;-1,15;-1,35;01/09/2024;6,69;-0,3;07/09/2024;6,98;0,69;21/09/2024;5,67;0,15;10/05/2024;8,45;1,61;19/10/2024;8,04;1,18;01/11/2024;9,84;1,78;16/11/2024;8,46;1,67;01/12/2024;12,48;1,84;15/12/2024;8,95;0,30;27/12/2024
34,5;0;0;01/02/2024;3,92;-0,05;15/02/2024;5,8;-2,33;01/03/2024;4,95;-0,35;15/03/2024;4,98;-0,03;01/04/2024;5,07;0,81;15/04/2024;4,28;-1,82;01/05/2024;4,97;-0,16;15/05/2024;4,89;0,82;01/06/2024;7,36;1,13;15/06/2024;-2,22;-0,5;01/07/2024;7,81;0,22;15/07/2024;8,08;0,19;01/08/2024;7,51;7,19;15/08/2024;-1,34;-1,48;01/09/2024;6,05;-0,47;07/09/2024;6,2;0,48;21/09/2024;4,83;-0,04;10/05/2024;7,42;1,4;19/10/2024;6,99;0,99;01/11/2024;8,73;1,52;16/11/2024;7,41;1,44;01/12/2024;11,28;1,59;15/12/2024;7,91;0,07;27/12/2024
35;0;0;01/02/2024;3,71;-0,07;15/02/2024;5,57;-2,34;01/03/2024;4,77;-0,41;15/03/2024;4,74;-0,1;01/04/2024;4,87;0,68;15/04/2024;4,22;-1,99;01/05/2024;4,44;-0,68;15/05/2024;4,52;0,37;01/06/2024;7,41;0,91;15/06/2024;-4,42;-0,96;01/07/2024;7,86;0,06;15/07/2024;8,12;-0,02;01/08/2024;7,58;7,33;15/08/2024;-1,52;-1,72;01/09/2024;6,54;-0,8;07/09/2024;6,8;0,05;21/09/2024;5,4;-0,48;10/05/2024;7,87;0,91;19/10/2024;7,45;0,46;01/11/2024;9,16;0,94;16/11/2024;7,87;0,89;01/12/2024;11,57;0,98;15/12/2024;8,41;-0,43;27/12/2024
35,5;0;0;01/02/2024;3,54;-0,04;15/02/2024;5,35;-2,31;01/03/2024;4,56;-0,46;15/03/2024;4,49;-0,22;01/04/2024;4,66;0,51;15/04/2024;4,29;-2,09;01/05/2024;4,14;-1,1;15/05/2024;4,41;-0,01;01/06/2024;7,62;0,72;15/06/2024;-5,12;-2,17;01/07/2024;8,07;-0,02;15/07/2024;8,38;-0,22;01/08/2024;7,91;7,84;15/08/2024;-1,7;-1,99;01/09/2024;7,81;-1,28;07/09/2024;8,45;-0,6;21/09/2024;7,13;-1,16;10/05/2024;9,61;0,12;19/10/2024;9,22;-0,36;01/11/2024;10,94;0,03;16/11/2024;9,68;0;01/12/2024;13,24;0,13;15/12/2024;10,24;-1,25;27/12/2024
36;0;0;01/02/2024;2,06;-0,1;15/02/2024;5,14;-2,21;01/03/2024;4,35;-0,46;15/03/2024;4,21;-0,27;01/04/2024;4,44;0,44;15/04/2024;4,4;-2,14;01/05/2024;3,91;-1,35;15/05/2024;4,41;-0,3;01/06/2024;7,04;0,4;15/06/2024;-4,72;-1,68;01/07/2024;7,47;-0,28;15/07/2024;7,76;-0,55;01/08/2024;7,35;7,51;15/08/2024;-1,96;-2,5;01/09/2024;8,34;-1,98;07/09/2024;9,44;-1,41;21/09/2024;8,41;-2,15;10/05/2024;11,02;-1,02;19/10/2024;10,76;-1,57;01/11/2024;12,36;-1,21;16/11/2024;11,13;-1,3;01/12/2024;14,54;-1,27;15/12/2024;11,69;-2,49;27/12/2024
36,5;0;0;01/02/2024;2,5;-0,26;15/02/2024;4,6;-2,18;01/03/2024;3,87;-0,47;15/03/2024;3,79;-0,33;01/04/2024;4,14;0,32;15/04/2024;4,27;-2,22;01/05/2024;6,27;-1,53;15/05/2024;6,17;-0,68;01/06/2024;5,79;-0,09;15/06/2024;-3,78;0,02;01/07/2024;6,22;-0,76;15/07/2024;6,49;-1,15;01/08/2024;6,2;6,42;15/08/2024;-2,49;-3,24;01/09/2024;8,04;-2,97;07/09/2024;9,59;-2,61;21/09/2024;8,92;-3,47;10/05/2024;11,72;-2,56;19/10/2024;11,53;-3,17;01/11/2024;13,06;-2,9;16/11/2024;11,93;-3,03;01/12/2024;15,17;-3,00;15/12/2024;12,47;-4,21;27/12/2024
37;0;0;01/02/2024;2,89;-0,01;15/02/2024;4,33;-2,09;01/03/2024;3,55;-0,55;15/03/2024;3,38;-0,45;01/04/2024;3,73;0,24;15/04/2024;3,86;-2,26;01/05/2024;6,08;-1,36;15/05/2024;5,97;-0,8;01/06/2024;5,41;-0,6;15/06/2024;-3,3;0,4;01/07/2024;5,84;-1,23;15/07/2024;6,08;-1,67;01/08/2024;5,85;6,14;15/08/2024;-2,94;-3,82;01/09/2024;8,11;-3,8;07/09/2024;9,86;-3,5;21/09/2024;9,5;-4,52;10/05/2024;12,41;-3,81;19/10/2024;12,31;-4,47;01/11/2024;13,76;-4,23;16/11/2024;12,71;-4,42;01/12/2024;15,76;-4,35;15/12/2024;13,18;-5,43;27/12/2024
37,5;0;0;01/02/2024;2,68;-0,09;15/02/2024;4,03;-2,03;01/03/2024;3,28;-0,52;15/03/2024;3,07;-0,47;01/04/2024;3,4;0,19;15/04/2024;3,45;-2,33;01/05/2024;5,45;-1,5;15/05/2024;5,4;-1,22;01/06/2024;4,87;-0,99;15/06/2024;-3,23;0,18;01/07/2024;5,29;-1,63;15/07/2024;5,47;-2,07;01/08/2024;5,24;5,48;15/08/2024;-3,28;-4,21;01/09/2024;7,37;-4,3;07/09/2024;9,04;-4,04;21/09/2024;8,79;-5,15;10/05/2024;11,65;-4,54;19/10/2024;11,55;-5,19;01/11/2024;12,87;-4,96;16/11/2024;11,89;-5,18;01/12/2024;14,75;-4,97;15/12/2024;12,30;-6,11;27/12/2024
38;0;0;01/02/2024;2,45;0;15/02/2024;3,75;-1,88;01/03/2024;3;-0,53;15/03/2024;2,74;-0,49;01/04/2024;3,07;0,12;15/04/2024;3,01;-2,4;01/05/2024;4,61;-1,48;15/05/2024;4,63;-1,37;01/06/2024;4,26;-1,17;15/06/2024;-3,84;-0,15;01/07/2024;4,66;-1,82;15/07/2024;4,77;-2,26;01/08/2024;4,51;4,56;15/08/2024;-3,38;-4,23;01/09/2024;5,96;-4,36;07/09/2024;7,26;-4,08;21/09/2024;6,88;-5,15;10/05/2024;9,45;-4,53;19/10/2024;9,3;-5,1;01/11/2024;10,49;-4,89;16/11/2024;9,52;-5,01;01/12/2024;12,19;-4,70;15/12/2024;9,87;-5,83;27/12/2024
38,5;0;0;01/02/2024;2,21;-0,09;15/02/2024;3,5;-1,77;01/03/2024;2,71;-0,53;15/03/2024;2,38;-0,52;01/04/2024;2,71;0,04;15/04/2024;2,5;-2,5;01/05/2024;3,71;-1,63;15/05/2024;3,74;-1,62;01/06/2024;3,58;-1,3;15/06/2024;-3,58;0,01;01/07/2024;3,93;-1,91;15/07/2024;3,99;-2,36;01/08/2024;3,66;3,46;15/08/2024;-3,4;-4,1;01/09/2024;4,12;-4,07;07/09/2024;4,91;-3,69;21/09/2024;4,15;-4,63;10/05/2024;6,26;-3,92;19/10/2024;6,03;-4,38;01/11/2024;7,09;-4,1;16/11/2024;6,12;-4,3;01/12/2024;8,58;-3,90;15/12/2024;6,41;-5,00;27/12/2024
39;0;0;01/02/2024;2,36;0,23;15/02/2024;3,24;-1,64;01/03/2024;2,41;-0,55;15/03/2024;2,08;-0,51;01/04/2024;2,4;-0,04;15/04/2024;2,01;-2,59;01/05/2024;2,92;-1,6;15/05/2024;2,94;-1,64;01/06/2024;2,96;-1,37;15/06/2024;-2,53;-0,46;01/07/2024;3,25;-1,94;15/07/2024;3,28;-2,28;01/08/2024;2,89;2,44;15/08/2024;-3,25;-3,76;01/09/2024;2,3;-3,54;07/09/2024;2,59;-3,01;21/09/2024;1,35;-3,75;10/05/2024;2,94;-2,98;19/10/2024;2,59;-3,33;01/11/2024;3,62;-2,97;16/11/2024;2,68;-3,16;01/12/2024;4,93;-2,80;15/12/2024;2,94;-3,75;27/12/2024
39,5;0;0;01/02/2024;1,95;0,2;15/02/2024;3,03;-1,47;01/03/2024;2,21;-0,41;15/03/2024;1,8;-0,47;01/04/2024;2,09;-0,05;15/04/2024;1,61;-2,49;01/05/2024;1,32;-2,17;15/05/2024;1,48;-2,17;01/06/2024;2,93;-0,92;15/06/2024;-2,82;-0,1;01/07/2024;3,14;-1,3;15/07/2024;3,14;-1,66;01/08/2024;2,7;2,01;15/08/2024;-2,54;-2,98;01/09/2024;1,22;-2,67;07/09/2024;1,1;-2,01;21/09/2024;-0,56;-2,67;10/05/2024;0,51;-1,76;19/10/2024;0,11;-2,06;01/11/2024;1,06;-1,74;16/11/2024;0,19;-1,85;01/12/2024;2,21;-1,66;15/12/2024;0,37;-2,39;27/12/2024
40;0;0;01/02/2024;1,48;0,01;15/02/2024;2,72;-1,24;01/03/2024;1,93;-0,31;15/03/2024;1,44;-0,43;01/04/2024;1,84;-0,08;15/04/2024;1,29;-2,33;01/05/2024;0,57;-2,26;15/05/2024;0,95;-2,08;01/06/2024;2,45;-0,71;15/06/2024;-2,17;-0,15;01/07/2024;2,58;-0,98;15/07/2024;2,59;-1,28;01/08/2024;2,13;1,32;15/08/2024;-2,09;-2,33;01/09/2024;0,19;-2,16;07/09/2024;-0,21;-1,45;21/09/2024;-2,1;-2,01;10/05/2024;-1,39;-1,07;19/10/2024;-1,84;-1,37;01/11/2024;-0,95;-1,03;16/11/2024;-1,74;-1,16;01/12/2024;0,09;-0,98;15/12/2024;-1,56;-1,63;27/12/2024
40,5;0;0;01/02/2024;1,26;-0,04;15/02/2024;2,45;-1,08;01/03/2024;1,66;-0,16;15/03/2024;1,25;-0,31;01/04/2024;1,57;-0,01;15/04/2024;1,07;-1,98;01/05/2024;0,03;-2,15;15/05/2024;0,37;-1,88;01/06/2024;2,2;-0,42;15/06/2024;0,09;-0,71;01/07/2024;2,26;-0,6;15/07/2024;2,29;-0,88;01/08/2024;1,86;1,05;15/08/2024;-1,59;-1,74;01/09/2024;-0,05;-1,59;07/09/2024;-0,52;-0,95;21/09/2024;-2,39;-1,42;10/05/2024;-1,88;-0,55;19/10/2024;-2,32;-0,82;01/11/2024;-1,51;-0,52;16/11/2024;-2,21;-0,66;01/12/2024;-0,62;-0,48;15/12/2024;-2,04;-1,07;27/12/2024
41;0;0;01/02/2024;1,07;0,04;15/02/2024;2,22;-0,92;01/03/2024;1,45;-0,08;15/03/2024;1,11;-0,23;01/04/2024;1,38;0,02;15/04/2024;1,05;-1,67;01/05/2024;-0,45;-1,75;15/05/2024;-0,04;-1,5;01/06/2024;2,26;-0,14;15/06/2024;0,52;0,13;01/07/2024;2,3;-0,19;15/07/2024;2,33;-0,48;01/08/2024;1,95;1,3;15/08/2024;-1,1;-1,14;01/09/2024;0,48;-0,98;07/09/2024;0,09;-0,49;21/09/2024;-1,5;-0,88;10/05/2024;-1,02;-0,14;19/10/2024;-1,45;-0,36;01/11/2024;-0,71;-0,14;16/11/2024;-1,33;-0,28;01/12/2024;0,06;-0,10;15/12/2024;-1,15;-0,52;27/12/2024
41,5;0;0;01/02/2024;0,76;0;15/02/2024;1,92;-0,7;01/03/2024;1,2;-0,07;15/03/2024;0,92;-0,24;01/04/2024;1,16;0,02;15/04/2024;1,07;-1,4;01/05/2024;-0,76;-1,38;15/05/2024;-0,23;-1,12;01/06/2024;2,26;0,07;15/06/2024;0;0;01/07/2024;2,32;0,16;15/07/2024;2,36;-0,18;01/08/2024;2,07;1,6;15/08/2024;-0,69;-0,66;01/09/2024;1,2;-0,53;07/09/2024;0,98;-0,09;21/09/2024;-0,17;-0,45;10/05/2024;0,33;0,17;19/10/2024;-0,07;-0,06;01/11/2024;0,58;0,11;16/11/2024;0,07;0;01/12/2024;1,25;0,12;15/12/2024;0,23;-0,18;27/12/2024
42;0;0;01/02/2024;-0,37;0,16;15/02/2024;1,6;-0,41;01/03/2024;0,95;0,04;15/03/2024;0,69;-0,15;01/04/2024;0,94;0,18;15/04/2024;1,04;-1,06;01/05/2024;-0,97;-0,93;15/05/2024;-0,32;-0,68;01/06/2024;1,62;0,58;15/06/2024;;;01/07/2024;1,54;0,74;15/07/2024;1,62;0,45;01/08/2024;1,45;1,04;15/08/2024;-0,02;0,12;01/09/2024;0,88;0,2;07/09/2024;0,94;0,56;21/09/2024;0,21;0,23;10/05/2024;0,66;0,77;19/10/2024;0,37;0,52;01/11/2024;0,84;0,64;16/11/2024;0,42;0,54;01/12/2024;1,42;0,66;15/12/2024;0,54;0,37;27/12/2024
42,5;0;0;01/02/2024;-0,2;-0,42;15/02/2024;1,13;-0,27;01/03/2024;0,52;-0,02;15/03/2024;0,32;-0,19;01/04/2024;0,59;0,12;15/04/2024;0,83;-0,91;01/05/2024;0,48;-0,86;15/05/2024;0,67;-0,3;01/06/2024;0,49;-0,21;15/06/2024;;;01/07/2024;0,4;-0,13;15/07/2024;0,57;-0,28;01/08/2024;0,4;0,17;15/08/2024;-0,71;-0,54;01/09/2024;0,09;-0,48;07/09/2024;0,14;-0,13;21/09/2024;-0,29;-0,47;10/05/2024;-0,01;0,02;19/10/2024;-0,2;-0,2;01/11/2024;0,16;-0,14;16/11/2024;-0,16;-0,28;01/12/2024;0,64;-0,02;15/12/2024;-0,06;-0,27;27/12/2024
43;0;0;01/02/2024;0;0;15/02/2024;0,85;-0,1;01/03/2024;0,27;-0,06;15/03/2024;0,16;-0,24;01/04/2024;0,33;0,05;15/04/2024;0,7;-0,95;01/05/2024;0,35;-0,21;15/05/2024;0,44;-0,15;01/06/2024;0,32;-0,21;15/06/2024;;;01/07/2024;0,24;-0,16;15/07/2024;0,36;-0,22;01/08/2024;0,27;0,14;15/08/2024;-0,44;-0,36;01/09/2024;0,11;-0,35;07/09/2024;0,13;-0,17;21/09/2024;-0,08;-0,34;10/05/2024;0,06;-0,09;19/10/2024;-0,05;-0,18;01/11/2024;0,15;-0,16;16/11/2024;-0,03;-0,23;01/12/2024;0,38;-0,09;15/12/2024;0,05;-0,22;27/12/2024
43,5;0;0;01/02/2024;0;0;15/02/2024;0;0;01/03/2024;0;0;15/03/2024;0;0;01/04/2024;0;0;15/04/2024;0;0;01/05/2024;0;0;15/05/2024;0;0;01/06/2024;0;0;15/06/2024;;;01/07/2024;0;0;15/07/2024;0;0;01/08/2024;0;0;15/08/2024;0;0;01/09/2024;0;0;07/09/2024;0;0;21/09/2024;0;0;10/05/2024;0;0;19/10/2024;0;0;01/11/2024;0;0;16/11/2024;0;0;01/12/2024;0,00;0,00;15/12/2024;0,00;0,00;27/12/2024
